epoch,accuracy,loss,val_accuracy,val_loss
0,0.12280788272619247,3.3146109580993652,0.06758620589971542,3.3543543815612793
