epoch,accuracy,loss,val_accuracy,val_loss
0,0.31423646211624146,2.3855414390563965,0.43793103098869324,1.9097121953964233
1,0.5043349862098694,1.6260783672332764,0.4806896448135376,1.7101459503173828
